[
  {
    "Id": "0",
    "Name": "3.6.0.0",
    "DevelopmentStatus": "Stable",
    "Description": "M2Mqtt4Unity runtime built from 3.6.0.0.\n\nsource code : [url:https://m2mqtt.codeplex.com/SourceControl/network/forks/masatoshiitoh/M2mqtt4Unity]",
    "ReleasedDatge": "0001-01-01T00:00:00",
    "ModifiedDate": "2014-12-03T15:26:38.89-08:00",
    "Files": [
      {
        "Id": "b7bea490-4268-4007-b1a3-e607c6ba779c",
        "FileName": "m2mqtt4unity-3.6.0.0.zip",
        "Url": "./0/b7bea490-4268-4007-b1a3-e607c6ba779c",
        "Type": "Application",
        "UploadDate": "2014-12-03T15:26:38.657-08:00"
      }
    ]
  }
]